  [
    {
        "gameId": "32009946",
        "marketId": "1.208397179",
        "eid": "4",
        "eventName": "India v Sri Lanka / Jan 10 2023  1:30PM (IST)",
        "inPlay": "True",
        "tv": "True",
        "back1": 0,
        "lay1": 1.01,
        "back11": 550,
        "lay11": 660,
        "back12": 0,
        "lay12": 0,
        "m1": "True",
        "f": "True",
        "vir": 1
    },
    {
        "gameId": "32006988",
        "marketId": "1.208341787",
        "eid": "4",
        "eventName": "Dhaka Dominators v Sylhet Strikers / Jan 10 2023  6:30PM (IST)",
        "inPlay": "True",
        "tv": "True",
        "back1": 15,
        "lay1": 16,
        "back11": 1.06,
        "lay11": 1.07,
        "back12": 0,
        "lay12": 0,
        "m1": "True",
        "f": "True",
        "vir": 1
    },
    {
        "gameId": "1001102018",
        "marketId": "1.100110201815",
        "eid": "4",
        "eventName": "Bangladesh T10 v Australia T10 / Jan 10 2023  7:45PM (IST)",
        "inPlay": "True",
        "tv": "True",
        "back1": 0,
        "lay1": 0,
        "back11": 0,
        "lay11": 0,
        "back12": 0,
        "lay12": 0,
        "m1": "False",
        "f": "True",
        "vir": 2
    },
    {
        "gameId": "1001102019",
        "marketId": "1.100110202015",
        "eid": "4",
        "eventName": "Australia T10 v England T10 / Jan 10 2023  7:55PM (IST)",
        "inPlay": "True",
        "tv": "True",
        "back1": 0,
        "lay1": 0,
        "back11": 0,
        "lay11": 0,
        "back12": 0,
        "lay12": 0,
        "m1": "False",
        "f": "True",
        "vir": 2
    },
    {
        "gameId": "1001102003",
        "marketId": "1.100110200415",
        "eid": "4",
        "eventName": "New Zealand T10 v Australia T10 / Jan 10 2023  8:00PM (IST)",
        "inPlay": "True",
        "tv": "True",
        "back1": 0,
        "lay1": 0,
        "back11": 0,
        "lay11": 0,
        "back12": 0,
        "lay12": 0,
        "m1": "True",
        "f": "False",
        "vir": 2
    },
    {
        "gameId": "1001102117",
        "marketId": "1.100110211715",
        "eid": "4",
        "eventName": "Pakistan T10 v West Indies T10 / Jan 10 2023  8:00PM (IST)",
        "inPlay": "True",
        "tv": "True",
        "back1": 0,
        "lay1": 0,
        "back11": 0,
        "lay11": 0,
        "back12": 0,
        "lay12": 0,
        "m1": "True",
        "f": "False",
        "vir": 2
    },
    {
        "gameId": "462021267",
        "marketId": "1.462021267",
        "eid": "4",
        "eventName": "BT XI v GAW XI / Jan 10 2023  8:10PM (IST)",
        "inPlay": "True",
        "tv": "False",
        "back1": 0,
        "lay1": 0,
        "back11": 0,
        "lay11": 0,
        "back12": 0,
        "lay12": 0,
        "m1": "False",
        "f": "True",
        "vir": 0
    },
    {
        "gameId": "561011080",
        "marketId": "1.561011080",
        "eid": "4",
        "eventName": "Bangalore XI v Chennai XI / Jan 10 2023  8:15PM (IST)",
        "inPlay": "True",
        "tv": "False",
        "back1": 0,
        "lay1": 0,
        "back11": 0,
        "lay11": 0,
        "back12": 0,
        "lay12": 0,
        "m1": "True",
        "f": "True",
        "vir": 0
    },
    {
        "gameId": "1001102127",
        "marketId": "1.100110212815",
        "eid": "4",
        "eventName": "India T10 v Pakistan T10 / Jan 10 2023  8:45PM (IST)",
        "inPlay": "False",
        "tv": "False",
        "back1": 0,
        "lay1": 0,
        "back11": 0,
        "lay11": 0,
        "back12": 0,
        "lay12": 0,
        "m1": "False",
        "f": "True",
        "vir": 2
    },
    {
        "gameId": "31984225",
        "marketId": "1.207960987",
        "eid": "4",
        "eventName": "MI Cape Town v Paarl Royals / Jan 10 2023  9:00PM (IST)",
        "inPlay": "False",
        "tv": "False",
        "back1": 1.88,
        "lay1": 1.89,
        "back11": 2.12,
        "lay11": 2.14,
        "back12": 0,
        "lay12": 0,
        "m1": "False",
        "f": "True",
        "vir": 1
    },
    {
        "gameId": "1001102119",
        "marketId": "1.100110211915",
        "eid": "4",
        "eventName": "India T10 v South Africa T10 / Jan 10 2023  9:00PM (IST)",
        "inPlay": "False",
        "tv": "False",
        "back1": 0,
        "lay1": 0,
        "back11": 0,
        "lay11": 0,
        "back12": 0,
        "lay12": 0,
        "m1": "False",
        "f": "True",
        "vir": 2
    },
    {
        "gameId": "31821227",
        "marketId": "1.208324406",
        "eid": "4",
        "eventName": "Canterbury v Central Stags / Jan 11 2023  3:30AM (IST)",
        "inPlay": "False",
        "tv": "False",
        "back1": 2.14,
        "lay1": 2.2,
        "back11": 1.84,
        "lay11": 1.87,
        "back12": 0,
        "lay12": 0,
        "m1": "False",
        "f": "True",
        "vir": 1
    },
    {
        "gameId": "31903499",
        "marketId": "1.208323305",
        "eid": "4",
        "eventName": "Brisbane Heat v Perth Scorchers / Jan 11 2023  2:10PM (IST)",
        "inPlay": "False",
        "tv": "False",
        "back1": 2.36,
        "lay1": 2.4,
        "back11": 1.72,
        "lay11": 1.73,
        "back12": 0,
        "lay12": 0,
        "m1": "True",
        "f": "True",
        "vir": 1
    },
    {
        "gameId": "32009492",
        "marketId": "1.208471827",
        "eid": "4",
        "eventName": "Pakistan v New Zealand / Jan 11 2023  3:00PM (IST)",
        "inPlay": "False",
        "tv": "False",
        "back1": 1.77,
        "lay1": 1.78,
        "back11": 2.28,
        "lay11": 2.3,
        "back12": 0,
        "lay12": 0,
        "m1": "True",
        "f": "True",
        "vir": 1
    },
    {
        "gameId": "31984227",
        "marketId": "1.207961077",
        "eid": "4",
        "eventName": "Durban Super Giants v Johannesburg Super Kings / Jan 11 2023  9:00PM (IST)",
        "inPlay": "False",
        "tv": "False",
        "back1": 2.24,
        "lay1": 2.3,
        "back11": 1.77,
        "lay11": 1.81,
        "back12": 0,
        "lay12": 0,
        "m1": "False",
        "f": "True",
        "vir": 1
    },
    {
        "gameId": "31903504",
        "marketId": "1.208368154",
        "eid": "4",
        "eventName": "Melbourne Stars v Adelaide Strikers / Jan 12 2023  1:45PM (IST)",
        "inPlay": "False",
        "tv": "False",
        "back1": 2.36,
        "lay1": 2.54,
        "back11": 1.65,
        "lay11": 1.73,
        "back12": 0,
        "lay12": 0,
        "m1": "False",
        "f": "True",
        "vir": 1
    },
    {
        "gameId": "32002424",
        "marketId": "1.208271361",
        "eid": "4",
        "eventName": "Zimbabwe v Ireland / Jan 12 2023  4:30PM (IST)",
        "inPlay": "False",
        "tv": "False",
        "back1": 1.77,
        "lay1": 1.84,
        "back11": 2.2,
        "lay11": 2.3,
        "back12": 0,
        "lay12": 0,
        "m1": "False",
        "f": "True",
        "vir": 1
    },
    {
        "gameId": "32006996",
        "marketId": "1.208341877",
        "eid": "4",
        "eventName": "Sunrisers Eastern Cape v Pretoria Capitals / Jan 12 2023  9:00PM (IST)",
        "inPlay": "False",
        "tv": "False",
        "back1": 2.2,
        "lay1": 2.3,
        "back11": 1.77,
        "lay11": 1.83,
        "back12": 0,
        "lay12": 0,
        "m1": "False",
        "f": "True",
        "vir": 1
    }
]